USE messenger_db
GO
--SET DATEFORMAT ymd
----YYYY-MM-DD HH:MM:SS.SSSSS
--GO
INSERT INTO users (Id, Login, Password, LastActiveDate, ActivityStatus, Avatar)
    VALUES 
    (N'DCF534D2-0A40-E911-9845-78843CFE6B4A', N'alpha', N'alpha', SYSDATETIMEOFFSET(), 0, N'URI'),
    (N'DCF534D2-0A40-E911-9845-78843CFE6B4B', N'bravo', N'bravo', SYSDATETIMEOFFSET(), 0, N'URI'),
    (N'DDF534D2-0A40-E911-9845-78843CFE6B4C', N'charlie', N'charlie', SYSDATETIMEOFFSET(), 0, N'URI'),
    (N'DDF534D2-0A40-E911-9845-78843CFE6B4D', N'delta', N'delta', SYSDATETIMEOFFSET(), 0, N'URI');
GO

INSERT INTO chats(Id, Title, OwnerId, Type, IsPersonal)
    VALUES 
    (N'A08C057B-0E40-E911-9845-78843CFE6B41', N'ChatName', N'DCF534D2-0A40-E911-9845-78843CFE6B4A', 0, 1),
    (N'A18C057B-0E40-E911-9845-78843CFE6B42', N'GingerRed', N'DCF534D2-0A40-E911-9845-78843CFE6B4B', 1, 0),
    (N'A18C057B-0E40-E911-9845-78843CFE6B43', N'Transistor', N'DDF534D2-0A40-E911-9845-78843CFE6B4D', 0, 1),
    (N'A18C057B-0E40-E911-9845-78843CFE6B44', N'Furi', N'DCF534D2-0A40-E911-9845-78843CFE6B4B', 1, 1);
GO

INSERT INTO messages (Id, DispatchDate, MessageText, Type, ContentUri)
    VALUES 
    (N'3C3BBA0A-9842-E911-B163-4C8093451C15', '20190514 08:44:00 +03:00', N'Hello, B!', 0, N'URI')
GO

INSERT INTO messages (Id, DispatchDate, MessageText, Type, ContentUri)
    VALUES
    (N'3C3BBA0A-9842-E911-B163-4C8093451C16', '20190514 08:45:00 +03:00', N'Hello, C!', 0, N'URI')
GO

INSERT INTO messages (Id, DispatchDate, MessageText, Type, ContentUri)
    VALUES
    (N'3C3BBA0A-9842-E911-B163-4C8093451C17', '20190514 08:46:00 +03:00', N'Hi, B!', 0, N'URI')
GO

INSERT INTO messages (Id, DispatchDate, MessageText, Type, ContentUri)
    VALUES
    (N'3C3BBA0A-9842-E911-B163-4C8093451C18', '20190514 08:47:00 +03:00', N'Hi, C!', 0, N'URI')
GO

INSERT INTO messages (Id, DispatchDate, MessageText, Type, ContentUri)
    VALUES
    (N'3C3BBA0A-9842-E911-B163-4C8093451C19', '20190514 08:48:00 +03:00', N'Hi = 2, B!', 0, N'URI')
GO

INSERT INTO messages (Id, DispatchDate, MessageText, Type, ContentUri)
    VALUES
    (N'3C3BBA0A-9842-E911-B163-4C8093451C20', '20190514 08:49:00 +03:00', N'Hi again, C!', 0, N'URI')
GO

INSERT INTO messages (Id, DispatchDate, MessageText, Type, ContentUri)
    VALUES
    (N'3C3BBA0A-9842-E911-B163-4C8093451C21', '20190514 08:50:00 +03:00', N'Hi again, B!', 0, N'URI')
GO

INSERT INTO messages (Id, DispatchDate, MessageText, Type, ContentUri)
    VALUES
    (N'3C3BBA0A-9842-E911-B163-4C8093451C22', '20190514 08:51:00 +03:00', N'Very very long message for you, B!', 0, N'URI')
GO

INSERT INTO messages (Id, DispatchDate, MessageText, Type, ContentUri)
    VALUES
    (N'3C3BBA0A-9842-E911-B163-4C8093451C23', '20190514 08:52:00 +03:00', N'B!', 0, N'URI')
GO

INSERT INTO messages (Id, DispatchDate, MessageText, Type, ContentUri)
    VALUES
    (N'3C3BBA0A-9842-E911-B163-4C8093451C24', '20190514 08:53:00 +03:00', N'Very very long message for you, C!', 0, N'URI')
GO

INSERT INTO messages (Id, DispatchDate, MessageText, Type, ContentUri)
    VALUES
    (N'3C3BBA0A-9842-E911-B163-4C8093451C25', '20190514 08:54:00 +03:00', N'C!', 0, N'URI')
GO

INSERT INTO contactsLists (Id, OwnerId, UserId, IsBlocked)
    VALUES
    (N'F1ADB38E-1540-E911-9845-78843CFE6B41', N'DCF534D2-0A40-E911-9845-78843CFE6B4A', N'DCF534D2-0A40-E911-9845-78843CFE6B4B', 0),
    (N'F1ADB38E-1540-E911-9845-78843CFE6B42', N'DCF534D2-0A40-E911-9845-78843CFE6B4A', N'DDF534D2-0A40-E911-9845-78843CFE6B4C', 0),
    (N'F1ADB38E-1540-E911-9845-78843CFE6B43', N'DCF534D2-0A40-E911-9845-78843CFE6B4A', N'DDF534D2-0A40-E911-9845-78843CFE6B4D', 0),
    
    (N'F1ADB38E-1540-E911-9845-78843CFE6B44', N'DCF534D2-0A40-E911-9845-78843CFE6B4B', N'DCF534D2-0A40-E911-9845-78843CFE6B4A', 0),
	(N'F1ADB38E-1540-E911-9845-78843CFE6B45', N'DCF534D2-0A40-E911-9845-78843CFE6B4B', N'DDF534D2-0A40-E911-9845-78843CFE6B4C', 0),

    (N'F1ADB38E-1540-E911-9845-78843CFE6B46', N'DDF534D2-0A40-E911-9845-78843CFE6B4C', N'DCF534D2-0A40-E911-9845-78843CFE6B4A', 0),
    (N'F1ADB38E-1540-E911-9845-78843CFE6B47', N'DDF534D2-0A40-E911-9845-78843CFE6B4C', N'DCF534D2-0A40-E911-9845-78843CFE6B4B', 0),

    (N'F1ADB38E-1540-E911-9845-78843CFE6B48', N'DDF534D2-0A40-E911-9845-78843CFE6B4D', N'DCF534D2-0A40-E911-9845-78843CFE6B4A', 0);
GO

INSERT INTO chatsParticipants (Id, ChatId, UserId)
    VALUES
    (N'8072E947-0A40-E911-9845-78843CFE6B41', N'A08C057B-0E40-E911-9845-78843CFE6B41', N'DCF534D2-0A40-E911-9845-78843CFE6B4A'),
    (N'8072E947-0A40-E911-9845-78843CFE6B42', N'A08C057B-0E40-E911-9845-78843CFE6B41', N'DDF534D2-0A40-E911-9845-78843CFE6B4D'),
    
    (N'8072E947-0A40-E911-9845-78843CFE6B43', N'A18C057B-0E40-E911-9845-78843CFE6B42', N'DDF534D2-0A40-E911-9845-78843CFE6B4C'),
    (N'8072E947-0A40-E911-9845-78843CFE6B44', N'A18C057B-0E40-E911-9845-78843CFE6B42', N'DCF534D2-0A40-E911-9845-78843CFE6B4B'),
    (N'8072E947-0A40-E911-9845-78843CFE6B45', N'A18C057B-0E40-E911-9845-78843CFE6B42', N'DCF534D2-0A40-E911-9845-78843CFE6B4A'),

    (N'8072E947-0A40-E911-9845-78843CFE6B46', N'A18C057B-0E40-E911-9845-78843CFE6B43', N'DDF534D2-0A40-E911-9845-78843CFE6B4C'),
    (N'8072E947-0A40-E911-9845-78843CFE6B47', N'A18C057B-0E40-E911-9845-78843CFE6B43', N'DCF534D2-0A40-E911-9845-78843CFE6B4B'),

	(N'8072E947-0A40-E911-9845-78843CFE6B48', N'A18C057B-0E40-E911-9845-78843CFE6B44', N'DDF534D2-0A40-E911-9845-78843CFE6B4C'),
    (N'8072E947-0A40-E911-9845-78843CFE6B49', N'A18C057B-0E40-E911-9845-78843CFE6B44', N'DCF534D2-0A40-E911-9845-78843CFE6B4B');
GO

INSERT INTO messagesInChats (Id, MessageId, ChatId, FromUserId, ToUserId, IsRead)
    VALUES
    (N'8072E947-0A40-E911-B163-4C8093451C18', N'3C3BBA0A-9842-E911-B163-4C8093451C15', N'A18C057B-0E40-E911-9845-78843CFE6B43', N'DDF534D2-0A40-E911-9845-78843CFE6B4C', N'DCF534D2-0A40-E911-9845-78843CFE6B4B', 1),
    (N'8072E947-0A40-E911-B163-4C8093451C19', N'3C3BBA0A-9842-E911-B163-4C8093451C15', N'A18C057B-0E40-E911-9845-78843CFE6B43', N'DDF534D2-0A40-E911-9845-78843CFE6B4C', N'DDF534D2-0A40-E911-9845-78843CFE6B4C', 1),

    (N'8072E947-0A40-E911-B163-4C8093451C20', N'3C3BBA0A-9842-E911-B163-4C8093451C16', N'A18C057B-0E40-E911-9845-78843CFE6B43', N'DCF534D2-0A40-E911-9845-78843CFE6B4B', N'DDF534D2-0A40-E911-9845-78843CFE6B4C', 1),
    (N'8072E947-0A40-E911-B163-4C8093451C21', N'3C3BBA0A-9842-E911-B163-4C8093451C16', N'A18C057B-0E40-E911-9845-78843CFE6B43', N'DCF534D2-0A40-E911-9845-78843CFE6B4B', N'DCF534D2-0A40-E911-9845-78843CFE6B4B', 1),

    (N'8072E947-0A40-E911-B163-4C8093451C22', N'3C3BBA0A-9842-E911-B163-4C8093451C17', N'A18C057B-0E40-E911-9845-78843CFE6B43', N'DCF534D2-0A40-E911-9845-78843CFE6B4B', N'DDF534D2-0A40-E911-9845-78843CFE6B4C', 1),
    (N'8072E947-0A40-E911-B163-4C8093451C23', N'3C3BBA0A-9842-E911-B163-4C8093451C17', N'A18C057B-0E40-E911-9845-78843CFE6B43', N'DCF534D2-0A40-E911-9845-78843CFE6B4B', N'DCF534D2-0A40-E911-9845-78843CFE6B4B', 1),
    
    (N'8072E947-0A40-E911-B163-4C8093451C24', N'3C3BBA0A-9842-E911-B163-4C8093451C18', N'A18C057B-0E40-E911-9845-78843CFE6B43', N'DDF534D2-0A40-E911-9845-78843CFE6B4C', N'DCF534D2-0A40-E911-9845-78843CFE6B4B', 0),
    (N'8072E947-0A40-E911-B163-4C8093451C25', N'3C3BBA0A-9842-E911-B163-4C8093451C18', N'A18C057B-0E40-E911-9845-78843CFE6B43', N'DDF534D2-0A40-E911-9845-78843CFE6B4C', N'DDF534D2-0A40-E911-9845-78843CFE6B4C', 1),
    
    (N'8072E947-0A40-E911-B163-4C8093451C26', N'3C3BBA0A-9842-E911-B163-4C8093451C19', N'A18C057B-0E40-E911-9845-78843CFE6B43', N'DCF534D2-0A40-E911-9845-78843CFE6B4B', N'DDF534D2-0A40-E911-9845-78843CFE6B4C', 0),
    (N'8072E947-0A40-E911-B163-4C8093451C27', N'3C3BBA0A-9842-E911-B163-4C8093451C19', N'A18C057B-0E40-E911-9845-78843CFE6B43', N'DCF534D2-0A40-E911-9845-78843CFE6B4B', N'DCF534D2-0A40-E911-9845-78843CFE6B4B', 1),

	(N'8072E947-0A40-E911-B163-4C8093451C28', N'3C3BBA0A-9842-E911-B163-4C8093451C20', N'A18C057B-0E40-E911-9845-78843CFE6B42', N'DCF534D2-0A40-E911-9845-78843CFE6B4B', N'DDF534D2-0A40-E911-9845-78843CFE6B4C', 0),
    (N'8072E947-0A40-E911-B163-4C8093451C29', N'3C3BBA0A-9842-E911-B163-4C8093451C20', N'A18C057B-0E40-E911-9845-78843CFE6B42', N'DCF534D2-0A40-E911-9845-78843CFE6B4B', N'DCF534D2-0A40-E911-9845-78843CFE6B4B', 1),

    (N'8072E947-0A40-E911-B163-4C8093451C30', N'3C3BBA0A-9842-E911-B163-4C8093451C21', N'A18C057B-0E40-E911-9845-78843CFE6B42', N'DDF534D2-0A40-E911-9845-78843CFE6B4C', N'DCF534D2-0A40-E911-9845-78843CFE6B4B', 0),
    (N'8072E947-0A40-E911-B163-4C8093451C31', N'3C3BBA0A-9842-E911-B163-4C8093451C21', N'A18C057B-0E40-E911-9845-78843CFE6B42', N'DDF534D2-0A40-E911-9845-78843CFE6B4C', N'DDF534D2-0A40-E911-9845-78843CFE6B4C', 1),



	(N'8072E947-0A40-E911-B163-4C8093451C32', N'3C3BBA0A-9842-E911-B163-4C8093451C22', N'A18C057B-0E40-E911-9845-78843CFE6B42', N'DDF534D2-0A40-E911-9845-78843CFE6B4C', N'DCF534D2-0A40-E911-9845-78843CFE6B4B', 0),
    (N'8072E947-0A40-E911-B163-4C8093451C33', N'3C3BBA0A-9842-E911-B163-4C8093451C22', N'A18C057B-0E40-E911-9845-78843CFE6B42', N'DDF534D2-0A40-E911-9845-78843CFE6B4C', N'DDF534D2-0A40-E911-9845-78843CFE6B4C', 1),

	(N'8072E947-0A40-E911-B163-4C8093451C34', N'3C3BBA0A-9842-E911-B163-4C8093451C23', N'A18C057B-0E40-E911-9845-78843CFE6B42', N'DDF534D2-0A40-E911-9845-78843CFE6B4C', N'DCF534D2-0A40-E911-9845-78843CFE6B4B', 0),
    (N'8072E947-0A40-E911-B163-4C8093451C35', N'3C3BBA0A-9842-E911-B163-4C8093451C23', N'A18C057B-0E40-E911-9845-78843CFE6B42', N'DDF534D2-0A40-E911-9845-78843CFE6B4C', N'DDF534D2-0A40-E911-9845-78843CFE6B4C', 1),

	(N'8072E947-0A40-E911-B163-4C8093451C36', N'3C3BBA0A-9842-E911-B163-4C8093451C24', N'A18C057B-0E40-E911-9845-78843CFE6B42', N'DCF534D2-0A40-E911-9845-78843CFE6B4B', N'DDF534D2-0A40-E911-9845-78843CFE6B4C', 0),
    (N'8072E947-0A40-E911-B163-4C8093451C37', N'3C3BBA0A-9842-E911-B163-4C8093451C24', N'A18C057B-0E40-E911-9845-78843CFE6B42', N'DCF534D2-0A40-E911-9845-78843CFE6B4B', N'DCF534D2-0A40-E911-9845-78843CFE6B4B', 1),

	(N'8072E947-0A40-E911-B163-4C8093451C38', N'3C3BBA0A-9842-E911-B163-4C8093451C25', N'A18C057B-0E40-E911-9845-78843CFE6B42', N'DCF534D2-0A40-E911-9845-78843CFE6B4B', N'DDF534D2-0A40-E911-9845-78843CFE6B4C', 0),
    (N'8072E947-0A40-E911-B163-4C8093451C39', N'3C3BBA0A-9842-E911-B163-4C8093451C25', N'A18C057B-0E40-E911-9845-78843CFE6B42', N'DCF534D2-0A40-E911-9845-78843CFE6B4B', N'DCF534D2-0A40-E911-9845-78843CFE6B4B', 1);
GO
